INSERT INTO PHONE (ID, PHONE_NO, ACTIVE) VALUES (1, '0404000001', '1');
INSERT INTO PHONE (ID, PHONE_NO, ACTIVE) VALUES (2, '0404000002', '0');
INSERT INTO PHONE (ID, PHONE_NO, ACTIVE) VALUES (3, '0404000003', '0');
INSERT INTO PHONE (ID, PHONE_NO, ACTIVE) VALUES (4, '0404000004', '0');
INSERT INTO PHONE (ID, PHONE_NO, ACTIVE) VALUES (5, '0404000005', '0');
INSERT INTO PHONE (ID, PHONE_NO, ACTIVE) VALUES (6, '0404000006', '0');
INSERT INTO PHONE (ID, PHONE_NO, ACTIVE) VALUES (7, '0404000007', '0');
INSERT INTO PHONE (ID, PHONE_NO, ACTIVE) VALUES (8, '0404000008', '0');
INSERT INTO PHONE (ID, PHONE_NO, ACTIVE) VALUES (9, '0404000009', '0');
INSERT INTO PHONE (ID, PHONE_NO, ACTIVE) VALUES (10, '0404000010', '0');

INSERT INTO CUSTOMER (ID, FIRST_NAME, LAST_NAME) VALUES (1, 'James', 'Cameron');
INSERT INTO CUSTOMER (ID, FIRST_NAME, LAST_NAME) VALUES (2, 'Sara', 'Connor');
INSERT INTO CUSTOMER (ID, FIRST_NAME, LAST_NAME) VALUES (3, 'John', 'Connor');
INSERT INTO CUSTOMER (ID, FIRST_NAME, LAST_NAME) VALUES (4, 'Kyle', 'Smith');
INSERT INTO CUSTOMER (ID, FIRST_NAME, LAST_NAME) VALUES (5, 'Jessica', 'Smith');

INSERT INTO CUSTOMER_PHONE (ID, CUSTOMER_ID, PHONE_ID) VALUES (1, 1, 1);
INSERT INTO CUSTOMER_PHONE (ID, CUSTOMER_ID, PHONE_ID) VALUES (2, 1, 2);
INSERT INTO CUSTOMER_PHONE (ID, CUSTOMER_ID, PHONE_ID) VALUES (3, 2, 3);
INSERT INTO CUSTOMER_PHONE (ID, CUSTOMER_ID, PHONE_ID) VALUES (4, 3, 4);
INSERT INTO CUSTOMER_PHONE (ID, CUSTOMER_ID, PHONE_ID) VALUES (5, 3, 5);
INSERT INTO CUSTOMER_PHONE (ID, CUSTOMER_ID, PHONE_ID) VALUES (6, 3, 6);
INSERT INTO CUSTOMER_PHONE (ID, CUSTOMER_ID, PHONE_ID) VALUES (7, 3, 7);
INSERT INTO CUSTOMER_PHONE (ID, CUSTOMER_ID, PHONE_ID) VALUES (8, 4, 8);
INSERT INTO CUSTOMER_PHONE (ID, CUSTOMER_ID, PHONE_ID) VALUES (9, 4, 9);
INSERT INTO CUSTOMER_PHONE (ID, CUSTOMER_ID, PHONE_ID) VALUES (10, 5, 10);
